30 Boulevard du Faubourg Saint-Honoré, Apt. 182, 97566, Metz, Poitou-Charentes, France

5 Boulevard de Caumartin, 1 étage, 12851, Nantes, Rhône-Alpes, France

7 Boulevard des Grands Augustins, Apt. 553, 21302, Lyon, Auvergne, France

99 Place Delesseux, Apt. 466, 08542, Vitry-sur-Seine, Picardie, France

01 Place La Boétie, Apt. 335, 43784, Colmar, Auvergne, France

6437 Place d'Alésia, Apt. 871, 86247, Villeneuve-d'Ascq, Alsace, France

87 Passage d'Assas, Apt. 255, 21848, Champigny-sur-Marne, Haute-Normandie, France

3445 Boulevard du Faubourg-Saint-Denis, Apt. 590, 16588, Limoges, Haute-Normandie, France

089 Allée Adolphe Mille, Apt. 959, 45523, Aix-en-Provence, Bretagne, France

54 Rue de la Paix, 5 étage, 47458, Nanterre, Lorraine, France

673 Impasse du Chat-qui-Pêche, 3 étage, 13798, Villeurbanne, Limousin, France

67 Place Delesseux, 7 étage, 24576, Nîmes, Rhône-Alpes, France

78 Quai Royale, Apt. 148, 68585, Hyères, Basse-Normandie, France

543 Place de Rivoli, Apt. 509, 51543, Créteil, Bourgogne, France

4 Impasse Montorgueil, 1 étage, 66437, Béziers, Languedoc-Roussillon, France

9 Quai Saint-Séverin, Apt. 792, 01894, Argenteuil, Franche-Comté, France

7592 Impasse de Presbourg, 3 étage, 97360, Bordeaux, Poitou-Charentes, France

4 Place de la Ferronnerie, 0 étage, 93105, Tours, Aquitaine, France

9997 Impasse de Paris, 1 étage, 34748, Cholet, Bourgogne, France

0 Quai de Presbourg, Apt. 844, 96045, Cergy, Basse-Normandie, France

8279 Quai Laffitte, 2 étage, 54629, Villeneuve-d'Ascq, Picardie, France

5736 Boulevard Pastourelle, 2 étage, 79307, Caen, Corse, France

3135 Allée d'Alésia, 4 étage, 94964, Poitiers, Bretagne, France

7946 Place Dauphine, Apt. 317, 43367, Nanterre, Haute-Normandie, France

2 Quai du Faubourg-Saint-Denis, 4 étage, 54022, Strasbourg, Centre, France

68 Boulevard Vaneau, Apt. 539, 56597, Cayenne, Rhône-Alpes, France

2748 Quai de la Pompe, 2 étage, 33104, Ivry-sur-Seine, Champagne-Ardenne, France

735 Impasse de la Paix, Apt. 021, 71700, Mérignac, Alsace, France

24 Allée de Montmorency, 8 étage, 53308, Antony, Midi-Pyrénées, France

4 Passage des Grands Augustins, 5 étage, 41616, Béziers, Nord-Pas-de-Calais, France

5 Rue Monsieur-le-Prince, 6 étage, 20372, Reims, Île-de-France, France

251 Voie Joubert, 0 étage, 43712, Argenteuil, Auvergne, France

95 Passage de l'Odéon, Apt. 836, 48271, Strasbourg, Limousin, France

569 Boulevard Dauphine, 1 étage, 27912, Saint-Étienne, Rhône-Alpes, France

8061 Impasse des Saussaies, 5 étage, 55572, Drancy, Poitou-Charentes, France

562 Place Royale, Apt. 296, 22148, Lorient, Haute-Normandie, France

4 Passage de Nesle, 4 étage, 54751, Beauvais, Bourgogne, France

263 Voie de la Ferronnerie, Apt. 869, 77144, Le Havre, Midi-Pyrénées, France

7063 Rue de l'Odéon, Apt. 742, 85413, Aix-en-Provence, Haute-Normandie, France

321 Avenue Zadkine, 0 étage, 11151, Fort-de-France, Franche-Comté, France

462 Boulevard du Havre, Apt. 510, 11299, Noisy-le-Grand, Bretagne, France

07 Voie des Rosiers, Apt. 482, 37225, Le Mans, Champagne-Ardenne, France

2 Boulevard de l'Odéon, Apt. 473, 81803, Villejuif, Picardie, France

7462 Allée Saint-Bernard, Apt. 776, 06716, Versailles, Provence-Alpes-Côte d'Azur, France

1 Impasse Pierre Charron, 5 étage, 96103, Hyères, Île-de-France, France

656 Place Bonaparte, Apt. 838, 94570, Clermont-Ferrand, Poitou-Charentes, France

9076 Voie de Rivoli, 7 étage, 41671, Ajaccio, Poitou-Charentes, France

8 Avenue de Provence, Apt. 149, 99841, Issy-les-Moulineaux, Midi-Pyrénées, France

3227 Quai des Francs-Bourgeois, 1 étage, 71166, Saint-Étienne, Île-de-France, France

9 Impasse de la Chaussée-d'Antin, 1 étage, 53323, Saint-Pierre, Corse, France

5488 Voie de la Bûcherie, 0 étage, 64861, Cayenne, Auvergne, France

065 Boulevard Saint-Jacques, 2 étage, 46169, Paris, Alsace, France

2 Passage de la Huchette, 8 étage, 65550, Orléans, Bretagne, France

6508 Rue d'Abbeville, 3 étage, 37940, Antibes, Centre, France

3750 Place de Richelieu, Apt. 659, 53639, Caen, Midi-Pyrénées, France

2 Avenue de la Chaussée-d'Antin, Apt. 670, 32916, Saint-Denis, Haute-Normandie, France

526 Avenue Vaneau, 4 étage, 70795, Saint-Denis, Bourgogne, France

015 Voie du Bac, 8 étage, 90832, Mulhouse, Bourgogne, France

53 Allée Saint-Bernard, Apt. 389, 66936, Tourcoing, Lorraine, France

8399 Rue Adolphe Mille, 0 étage, 46722, Bordeaux, Limousin, France

54 Avenue Pierre Charron, Apt. 081, 87569, Tourcoing, Languedoc-Roussillon, France

98 Allée de Caumartin, Apt. 705, 08580, Montreuil, Pays de la Loire, France

0425 Place Saint-Denis, 2 étage, 12081, Le Mans, Lorraine, France

13 Impasse du Bac, 5 étage, 11476, Lorient, Rhône-Alpes, France

3 Impasse de Provence, Apt. 266, 67081, Roubaix, Alsace, France

3 Impasse Saint-Jacques, 2 étage, 52532, Metz, Nord-Pas-de-Calais, France

3 Boulevard Zadkine, Apt. 347, 19695, Nantes, Champagne-Ardenne, France

916 Avenue de la Huchette, Apt. 393, 06001, Montauban, Midi-Pyrénées, France

0277 Avenue de la Chaussée-d'Antin, 1 étage, 83093, Calais, Lorraine, France

552 Impasse Bonaparte, 4 étage, 41870, Villejuif, Bretagne, France

7685 Avenue Lepic, 9 étage, 77787, Pessac, Limousin, France

18 Avenue Pastourelle, Apt. 004, 43885, Versailles, Picardie, France

2527 Quai de Montmorency, 2 étage, 10005, Béziers, Pays de la Loire, France

806 Passage Adolphe Mille, 7 étage, 91013, Toulon, Nord-Pas-de-Calais, France

8 Avenue de Paris, 1 étage, 41430, Clichy, Île-de-France, France

6493 Voie de Richelieu, 5 étage, 54497, Pau, Auvergne, France

6915 Boulevard de Seine, Apt. 197, 31818, Cholet, Limousin, France

96 Boulevard des Lombards, 0 étage, 19670, Versailles, Basse-Normandie, France

8 Place du Faubourg-Saint-Denis, 4 étage, 98555, Lille, Alsace, France

08 Boulevard Delesseux, 6 étage, 52974, Colmar, Île-de-France, France

351 Voie de la Paix, 9 étage, 38880, Saint-Pierre, Franche-Comté, France

84 Place Dauphine, 5 étage, 93108, Mulhouse, Rhône-Alpes, France

4 Boulevard de la Bûcherie, 0 étage, 05691, Caen, Corse, France

89 Quai de Rivoli, Apt. 163, 16393, Villeneuve-d'Ascq, Auvergne, France

9625 Rue Saint-Denis, Apt. 747, 96831, Nantes, Île-de-France, France

768 Voie de Rivoli, Apt. 556, 56045, Noisy-le-Grand, Pays de la Loire, France

666 Avenue Saint-Dominique, Apt. 699, 61270, Lille, Nord-Pas-de-Calais, France

6988 Passage d'Orsel, 1 étage, 67750, Les Abymes, Midi-Pyrénées, France

37 Avenue d'Alésia, 7 étage, 77507, Nancy, Centre, France

60 Allée d'Abbeville, Apt. 533, 08110, Béziers, Champagne-Ardenne, France

94 Rue des Francs-Bourgeois, Apt. 744, 63756, Rueil-Malmaison, Auvergne, France

2527 Avenue des Grands Augustins, Apt. 903, 35109, Montpellier, Bourgogne, France

050 Passage Adolphe Mille, 5 étage, 09540, Metz, Lorraine, France

0430 Voie de l'Abbaye, 7 étage, 90770, Asnières-sur-Seine, Limousin, France

724 Passage Du Sommerard, Apt. 711, 62175, Vitry-sur-Seine, Centre, France

1 Boulevard de Rivoli, Apt. 455, 75122, Nîmes, Limousin, France

5 Passage de la Paix, Apt. 490, 62987, Hyères, Corse, France

13 Quai de Presbourg, 0 étage, 59063, Vénissieux, Centre, France

5581 Rue d'Argenteuil, 5 étage, 36292, Chambéry, Midi-Pyrénées, France

4 Place du Faubourg Saint-Honoré, 9 étage, 83536, Dijon, Bretagne, France

3 Voie Adolphe Mille, 8 étage, 53985, Vénissieux, Pays de la Loire, France

8 Allée Monsieur-le-Prince, Apt. 716, 38653, Strasbourg, Basse-Normandie, France

9 Allée des Francs-Bourgeois, 4 étage, 03303, Beauvais, Bretagne, France

1 Avenue Monsieur-le-Prince, 6 étage, 42727, Vénissieux, Picardie, France

6129 Allée de l'Odéon, Apt. 293, 30458, Montauban, Languedoc-Roussillon, France

6 Impasse de la Paix, Apt. 576, 24624, Fort-de-France, Bretagne, France

9 Voie Laffitte, 2 étage, 25352, Saint-Nazaire, Pays de la Loire, France

2967 Voie du Dahomey, 6 étage, 54024, Marseille, Alsace, France

23 Place Pastourelle, Apt. 694, 73627, Champigny-sur-Marne, Picardie, France

5 Boulevard Zadkine, 5 étage, 84665, Nanterre, Midi-Pyrénées, France

5 Rue de la Paix, Apt. 423, 82256, Sarcelles, Limousin, France

104 Boulevard de Nesle, Apt. 707, 54308, Caen, Languedoc-Roussillon, France

20 Avenue des Panoramas, 1 étage, 24920, Neuilly-sur-Seine, Midi-Pyrénées, France

7 Boulevard de Vaugirard, Apt. 791, 76204, Niort, Corse, France

053 Rue Oberkampf, Apt. 335, 33982, Valence, Limousin, France

5 Place d'Abbeville, 1 étage, 50419, Versailles, Provence-Alpes-Côte d'Azur, France

90 Quai de Richelieu, Apt. 601, 82767, Antony, Poitou-Charentes, France

2 Impasse de la Chaussée-d'Antin, Apt. 708, 86982, Rouen, Lorraine, France

20 Quai d'Abbeville, Apt. 708, 69654, Saint-Denis, Auvergne, France

45 Voie Zadkine, Apt. 268, 92202, Lille, Aquitaine, France

454 Voie du Chat-qui-Pêche, Apt. 424, 33376, Nancy, Centre, France

619 Quai de la Paix, Apt. 160, 28662, La Rochelle, Midi-Pyrénées, France

01 Quai Pierre Charron, 6 étage, 59439, Montpellier, Languedoc-Roussillon, France

252 Place Joubert, Apt. 051, 65947, Montpellier, Bourgogne, France

53 Passage de Nesle, Apt. 392, 71438, Argenteuil, Haute-Normandie, France

15 Passage du Dahomey, 0 étage, 84599, Bordeaux, Corse, France

507 Boulevard de la Ferronnerie, 0 étage, 58284, Cholet, Midi-Pyrénées, France

4060 Avenue d'Argenteuil, Apt. 693, 23144, Hyères, Corse, France

17 Avenue de Presbourg, Apt. 269, 15431, Troyes, Lorraine, France

23 Voie de Provence, Apt. 329, 47420, Angers, Alsace, France

13 Boulevard de Tilsitt, 9 étage, 24190, Colmar, Poitou-Charentes, France

01 Passage Bonaparte, Apt. 375, 76825, Colmar, Champagne-Ardenne, France

948 Avenue de la Huchette, 8 étage, 46367, Boulogne-Billancourt, Rhône-Alpes, France

41 Allée Saint-Honoré, 0 étage, 68014, Montreuil, Midi-Pyrénées, France

2 Voie de la Chaussée-d'Antin, 5 étage, 05487, Vitry-sur-Seine, Île-de-France, France

9704 Boulevard des Panoramas, 1 étage, 20700, Neuilly-sur-Seine, Basse-Normandie, France

0227 Passage Pastourelle, 7 étage, 81373, Argenteuil, Picardie, France

41 Passage de la Victoire, 2 étage, 27225, Paris, Limousin, France

5 Avenue de Solférino, Apt. 461, 83929, Le Tampon, Centre, France

01 Quai du Havre, 8 étage, 07100, Clermont-Ferrand, Lorraine, France

0 Voie Montorgueil, 0 étage, 63496, Vitry-sur-Seine, Languedoc-Roussillon, France

6639 Voie Saint-Jacques, 7 étage, 67615, Nanterre, Provence-Alpes-Côte d'Azur, France

4 Impasse Saint-Bernard, Apt. 808, 41853, Nîmes, Centre, France

204 Impasse de la Paix, Apt. 458, 42361, Amiens, Franche-Comté, France

1619 Quai Zadkine, Apt. 792, 41389, Valence, Champagne-Ardenne, France

4 Voie des Grands Augustins, 0 étage, 11920, Calais, Languedoc-Roussillon, France

650 Allée de la Chaussée-d'Antin, 7 étage, 46894, Ivry-sur-Seine, Pays de la Loire, France

590 Place Zadkine, 8 étage, 15627, Perpignan, Rhône-Alpes, France

6 Voie du Faubourg Saint-Honoré, 9 étage, 81118, Vitry-sur-Seine, Aquitaine, France

046 Place de l'Abbaye, Apt. 404, 91526, Troyes, Centre, France

70 Impasse de Montmorency, 0 étage, 03995, Bourges, Poitou-Charentes, France

5 Avenue de Provence, 2 étage, 85409, Besançon, Champagne-Ardenne, France

68 Quai de la Pompe, Apt. 616, 55520, Avignon, Picardie, France

52 Boulevard de la Pompe, 2 étage, 70079, Aix-en-Provence, Rhône-Alpes, France

37 Quai Pierre Charron, Apt. 813, 71165, Villejuif, Basse-Normandie, France

8240 Rue Joubert, Apt. 455, 88485, Lille, Nord-Pas-de-Calais, France

1 Impasse Montorgueil, 0 étage, 67384, Calais, Alsace, France

563 Rue de Provence, 1 étage, 87965, Saint-Denis, Midi-Pyrénées, France

469 Impasse Marcadet, Apt. 890, 51935, Le Tampon, Rhône-Alpes, France

0 Voie d'Argenteuil, 8 étage, 72756, Besançon, Midi-Pyrénées, France

9233 Impasse d'Alésia, Apt. 007, 51129, Le Mans, Midi-Pyrénées, France

6459 Allée de la Huchette, 7 étage, 18357, Saint-Étienne, Basse-Normandie, France

8219 Rue de Nesle, Apt. 619, 26408, Fort-de-France, Franche-Comté, France

5 Boulevard Laffitte, Apt. 242, 55442, Perpignan, Franche-Comté, France

740 Rue des Saussaies, Apt. 098, 12128, Aulnay-sous-Bois, Rhône-Alpes, France

836 Boulevard du Faubourg Saint-Honoré, Apt. 731, 52527, Nanterre, Bretagne, France

1 Avenue de la Paix, 2 étage, 71235, Montauban, Corse, France

1636 Voie Zadkine, Apt. 247, 48969, Mulhouse, Provence-Alpes-Côte d'Azur, France

391 Avenue de Nesle, 9 étage, 18858, Aulnay-sous-Bois, Poitou-Charentes, France

26 Voie de Rivoli, Apt. 885, 08807, Villeneuve-d'Ascq, Alsace, France

912 Allée Joubert, 0 étage, 65970, Orléans, Haute-Normandie, France

2 Passage de la Huchette, 3 étage, 54555, Aubervilliers, Rhône-Alpes, France

8171 Rue de la Ferronnerie, 9 étage, 34194, Troyes, Lorraine, France

2 Passage Dauphine, 9 étage, 17631, Beauvais, Auvergne, France

9 Rue Saint-Bernard, 5 étage, 32824, Aubervilliers, Auvergne, France

579 Place de la Huchette, 6 étage, 79910, Créteil, Rhône-Alpes, France

0421 Passage Pierre Charron, 9 étage, 71308, Nantes, Provence-Alpes-Côte d'Azur, France

93 Passage de Solférino, Apt. 350, 94300, Orléans, Languedoc-Roussillon, France

0 Allée Vaneau, Apt. 612, 48076, Ajaccio, Auvergne, France

2480 Boulevard des Rosiers, Apt. 877, 03970, Issy-les-Moulineaux, Basse-Normandie, France

28 Voie de Tilsitt, Apt. 837, 76934, Rueil-Malmaison, Champagne-Ardenne, France

446 Boulevard des Saussaies, 9 étage, 40420, Colmar, Pays de la Loire, France

6 Avenue Marcadet, 4 étage, 73888, Pessac, Champagne-Ardenne, France

23 Rue de Seine, 2 étage, 12986, Clermont-Ferrand, Languedoc-Roussillon, France

50 Quai Saint-Denis, Apt. 381, 74884, Cergy, Lorraine, France

08 Allée de la Huchette, Apt. 789, 06584, Reims, Aquitaine, France

1604 Place Oberkampf, Apt. 976, 99893, Cholet, Languedoc-Roussillon, France

8 Voie Royale, 9 étage, 45150, Ivry-sur-Seine, Provence-Alpes-Côte d'Azur, France

04 Allée Dauphine, Apt. 577, 20488, Boulogne-Billancourt, Corse, France

01 Allée Du Sommerard, 0 étage, 05494, Vénissieux, Alsace, France

6983 Allée Saint-Séverin, Apt. 652, 72876, Issy-les-Moulineaux, Île-de-France, France

13 Boulevard Saint-Denis, Apt. 104, 87935, Ajaccio, Languedoc-Roussillon, France

34 Boulevard Saint-Séverin, 9 étage, 35150, Troyes, Limousin, France

700 Voie Molière, 3 étage, 25033, Rueil-Malmaison, Bourgogne, France

156 Place de Paris, Apt. 068, 74036, Reims, Centre, France

566 Place Zadkine, Apt. 102, 68521, Vitry-sur-Seine, Nord-Pas-de-Calais, France

032 Avenue de la Harpe, Apt. 409, 72169, Rueil-Malmaison, Centre, France

4160 Rue de la Huchette, Apt. 825, 98445, Marseille, Poitou-Charentes, France

0 Allée des Francs-Bourgeois, 6 étage, 64455, Bourges, Languedoc-Roussillon, France

2 Allée Saint-Séverin, Apt. 238, 00964, Amiens, Champagne-Ardenne, France

97 Quai des Grands Augustins, 3 étage, 01198, Marseille, Rhône-Alpes, France

855 Avenue Montorgueil, Apt. 441, 54844, Paris, Provence-Alpes-Côte d'Azur, France

7080 Passage du Faubourg Saint-Honoré, 5 étage, 45952, Besançon, Champagne-Ardenne, France

690 Boulevard Royale, Apt. 981, 23291, Metz, Basse-Normandie, France

1870 Avenue de l'Odéon, Apt. 203, 39636, Limoges, Languedoc-Roussillon, France

51 Allée du Havre, 5 étage, 71328, Dunkerque14, Nord-Pas-de-Calais, France

5455 Voie Bonaparte, 9 étage, 32505, Sarcelles, Picardie, France

8874 Avenue Delesseux, Apt. 685, 35245, Avignon, Centre, France

51 Allée Charlemagne, Apt. 582, 37363, Montpellier, Basse-Normandie, France

6 Place Molière, Apt. 712, 77012, Le Havre, Picardie, France

40 Impasse de Richelieu, Apt. 654, 67102, Champigny-sur-Marne, Corse, France

50 Quai de l'Odéon, Apt. 982, 16949, Lille, Franche-Comté, France

5 Place des Panoramas, 1 étage, 13009, Villejuif, Haute-Normandie, France

993 Impasse des Grands Augustins, 3 étage, 22280, Le Mans, Picardie, France

0898 Quai d'Orsel, 7 étage, 11396, Antibes, Midi-Pyrénées, France

7981 Place de Nesle, 9 étage, 53732, Aubervilliers, Champagne-Ardenne, France

02 Place Du Sommerard, 0 étage, 25647, La Rochelle, Pays de la Loire, France

1781 Avenue Laffitte, Apt. 754, 85617, Saint-Paul, Rhône-Alpes, France

075 Avenue des Saussaies, 5 étage, 69787, Valence, Franche-Comté, France

1 Voie Saint-Honoré, Apt. 937, 27890, Montauban, Haute-Normandie, France

50 Passage de la Chaussée-d'Antin, Apt. 280, 20831, Ivry-sur-Seine, Rhône-Alpes, France

236 Place de Nesle, Apt. 840, 99450, Amiens, Basse-Normandie, France

8761 Quai de Paris, 9 étage, 12131, Les Abymes, Bourgogne, France

6 Rue Vaneau, Apt. 866, 24320, La Seyne-sur-Mer, Bretagne, France

825 Impasse de Seine, Apt. 218, 05095, Amiens, Pays de la Loire, France

9 Impasse de Richelieu, 8 étage, 36798, Ivry-sur-Seine, Picardie, France

908 Passage des Grands Augustins, 5 étage, 79509, Le Havre, Corse, France

601 Place Joubert, Apt. 805, 63720, Chambéry, Poitou-Charentes, France

3 Impasse du Chat-qui-Pêche, Apt. 158, 31872, Béziers, Champagne-Ardenne, France

2 Impasse Oberkampf, 3 étage, 47590, Strasbourg, Champagne-Ardenne, France

0155 Avenue du Bac, 3 étage, 43384, Villeneuve-d'Ascq, Aquitaine, France

713 Quai de Tilsitt, Apt. 584, 58239, Roubaix, Picardie, France

7 Impasse Lepic, 8 étage, 73543, Vénissieux, Midi-Pyrénées, France

571 Place La Boétie, 4 étage, 86599, Troyes, Poitou-Charentes, France

2 Avenue de Caumartin, 8 étage, 98467, Toulon, Nord-Pas-de-Calais, France

2865 Passage d'Orsel, 8 étage, 07756, Saint-Quentin, Auvergne, France

1 Quai du Faubourg-Saint-Denis, Apt. 756, 11829, Villejuif, Basse-Normandie, France

4548 Allée Joubert, 0 étage, 56046, Ajaccio, Bretagne, France

5903 Impasse des Panoramas, Apt. 512, 13268, Saint-Nazaire, Aquitaine, France

2 Impasse Montorgueil, 5 étage, 65899, Le Tampon, Haute-Normandie, France

69 Rue Saint-Honoré, Apt. 807, 21701, Tours, Corse, France

025 Allée Oberkampf, Apt. 656, 07185, Boulogne-Billancourt, Aquitaine, France

3488 Boulevard de Solférino, Apt. 936, 62482, Vénissieux, Poitou-Charentes, France

0 Quai Mouffetard, 9 étage, 79901, Chambéry, Pays de la Loire, France

4089 Avenue Monsieur-le-Prince, 2 étage, 61956, Le Havre, Franche-Comté, France

60 Voie Delesseux, 4 étage, 91375, Pessac, Centre, France

4339 Boulevard du Faubourg Saint-Honoré, 5 étage, 14320, Boulogne-Billancourt, Aquitaine, France

5274 Impasse de Richelieu, Apt. 662, 56400, Roubaix, Franche-Comté, France

4 Rue Saint-Dominique, 3 étage, 34479, Niort, Haute-Normandie, France

041 Impasse Vaneau, 6 étage, 82901, Aubervilliers, Picardie, France

2 Place Saint-Jacques, Apt. 613, 63539, Tourcoing, Alsace, France

3 Passage du Chat-qui-Pêche, Apt. 142, 98638, Cayenne, Midi-Pyrénées, France

1096 Place de la Pompe, 4 étage, 93128, Grenoble, Alsace, France

6 Impasse d'Orsel, Apt. 981, 41521, Bourges, Île-de-France, France

028 Quai d'Assas, 9 étage, 35101, Saint-Étienne, Midi-Pyrénées, France

6666 Place de la Ferronnerie, Apt. 274, 02697, Troyes, Franche-Comté, France

1 Rue La Boétie, 7 étage, 45513, La Seyne-sur-Mer, Pays de la Loire, France

269 Quai du Faubourg Saint-Honoré, 3 étage, 23905, Nanterre, Picardie, France

41 Allée Charlemagne, Apt. 745, 29880, Lille, Limousin, France

3 Quai Mouffetard, Apt. 573, 72418, Courbevoie, Picardie, France

0 Allée Pierre Charron, Apt. 851, 21578, Nice, Poitou-Charentes, France

3 Impasse de Caumartin, Apt. 615, 00048, Les Abymes, Champagne-Ardenne, France

30 Quai du Faubourg-Saint-Denis, Apt. 466, 51308, Avignon, Bourgogne, France

618 Impasse de la Pompe, 4 étage, 13357, Lille, Languedoc-Roussillon, France

3165 Impasse Lepic, 6 étage, 18037, Nice, Haute-Normandie, France

4716 Boulevard du Chat-qui-Pêche, Apt. 848, 45906, Mulhouse, Provence-Alpes-Côte d'Azur, France

63 Allée de Paris, 2 étage, 30610, Valence, Corse, France

5 Quai Saint-Denis, 0 étage, 92248, Tourcoing, Champagne-Ardenne, France

45 Voie de Caumartin, 6 étage, 46354, Montauban, Bourgogne, France

7 Rue de Solférino, 3 étage, 17033, Strasbourg, Picardie, France

3121 Boulevard de la Pompe, 0 étage, 46826, Le Tampon, Corse, France

46 Impasse Mouffetard, 8 étage, 95512, Aubervilliers, Provence-Alpes-Côte d'Azur, France

9414 Boulevard Zadkine, 6 étage, 11736, Quimper, Rhône-Alpes, France

45 Avenue du Bac, 1 étage, 88661, Créteil, Lorraine, France

0 Boulevard de Presbourg, Apt. 487, 53491, Nîmes, Champagne-Ardenne, France

0853 Quai de Tilsitt, Apt. 708, 51241, Pau, Auvergne, France

8763 Quai des Saussaies, Apt. 628, 87387, Colombes, Poitou-Charentes, France

67 Passage Saint-Dominique, 5 étage, 41082, Montpellier, Corse, France

62 Boulevard d'Assas, 9 étage, 62340, Mulhouse, Rhône-Alpes, France

5 Place d'Alésia, Apt. 838, 28694, Calais, Bretagne, France

5385 Passage Saint-Honoré, Apt. 406, 38936, Angers, Alsace, France

31 Avenue de Presbourg, Apt. 349, 35218, Amiens, Pays de la Loire, France

72 Quai de la Victoire, Apt. 633, 92751, Troyes, Auvergne, France

2108 Avenue du Chat-qui-Pêche, 1 étage, 92602, Lyon, Auvergne, France

1988 Boulevard de Provence, 1 étage, 26908, Angers, Poitou-Charentes, France

5 Place de la Paix, 3 étage, 35296, Aix-en-Provence, Picardie, France

37 Passage du Bac, Apt. 257, 65396, Villeurbanne, Corse, France

2 Boulevard de Provence, 9 étage, 39225, Mérignac, Nord-Pas-de-Calais, France

5744 Avenue de Paris, Apt. 220, 67531, Sarcelles, Corse, France

2 Voie de la Bûcherie, 7 étage, 63633, Calais, Rhône-Alpes, France

3795 Quai Saint-Dominique, 4 étage, 81711, La Seyne-sur-Mer, Haute-Normandie, France

11 Quai Oberkampf, 9 étage, 97102, Pessac, Basse-Normandie, France

560 Avenue Joubert, Apt. 285, 67557, Villeurbanne, Poitou-Charentes, France

3 Rue de Tilsitt, Apt. 546, 23037, Cholet, Rhône-Alpes, France

10 Allée Delesseux, 9 étage, 06808, Brest, Limousin, France

76 Boulevard de la Victoire, Apt. 785, 23751, Troyes, Languedoc-Roussillon, France

8 Place de Tilsitt, 1 étage, 13051, Villeurbanne, Île-de-France, France

40 Boulevard d'Assas, 1 étage, 93413, Courbevoie, Centre, France

9 Place Joubert, Apt. 115, 49338, Dunkerque14, Bretagne, France

67 Quai Monsieur-le-Prince, Apt. 031, 88892, Montreuil, Poitou-Charentes, France

73 Allée d'Assas, Apt. 504, 36517, Clichy, Aquitaine, France

53 Impasse Saint-Bernard, 2 étage, 82173, Rennes, Auvergne, France

877 Rue Pastourelle, 9 étage, 69525, Versailles, Pays de la Loire, France

76 Impasse de Tilsitt, Apt. 699, 65536, Les Abymes, Franche-Comté, France

46 Place Zadkine, 9 étage, 49823, Mulhouse, Lorraine, France

0 Avenue Saint-Dominique, Apt. 316, 01593, Les Abymes, Rhône-Alpes, France

339 Avenue Lepic, Apt. 723, 04798, Amiens, Bourgogne, France

15 Passage d'Orsel, Apt. 719, 47852, Grenoble, Nord-Pas-de-Calais, France

710 Rue de l'Abbaye, 5 étage, 65370, Cayenne, Franche-Comté, France

58 Avenue Royale, 6 étage, 18466, Cholet, Centre, France

482 Rue des Saussaies, Apt. 241, 51521, La Seyne-sur-Mer, Corse, France

0658 Place Saint-Honoré, 3 étage, 78447, Rueil-Malmaison, Picardie, France

42 Place de Seine, Apt. 680, 50273, Orléans, Languedoc-Roussillon, France

14 Impasse d'Assas, Apt. 426, 62026, Colmar, Picardie, France

37 Avenue Charlemagne, 4 étage, 40620, Hyères, Auvergne, France

3 Rue Delesseux, Apt. 404, 96467, Clichy, Corse, France

846 Rue de Solférino, 4 étage, 28149, Saint-Denis, Basse-Normandie, France

3448 Quai Monsieur-le-Prince, Apt. 539, 00000, Champigny-sur-Marne, Île-de-France, France

813 Place de Presbourg, Apt. 499, 43141, Boulogne-Billancourt, Haute-Normandie, France

963 Impasse Joubert, 9 étage, 54335, Marseille, Languedoc-Roussillon, France

120 Rue Monsieur-le-Prince, 8 étage, 84103, Tours, Corse, France

022 Voie d'Argenteuil, Apt. 682, 28710, Dijon, Franche-Comté, France

862 Impasse Bonaparte, 9 étage, 76642, La Rochelle, Bretagne, France

16 Boulevard Saint-Honoré, 7 étage, 63529, Bourges, Corse, France

6068 Passage Montorgueil, Apt. 691, 10894, Argenteuil, Nord-Pas-de-Calais, France

626 Avenue Saint-Séverin, 8 étage, 61036, Toulon, Picardie, France

232 Boulevard du Havre, Apt. 218, 43665, Le Havre, Alsace, France

912 Rue de Vaugirard, 8 étage, 91129, Villeurbanne, Alsace, France

7 Allée Pierre Charron, Apt. 396, 52132, Dijon, Rhône-Alpes, France

44 Quai de Nesle, Apt. 421, 42603, Poitiers, Auvergne, France

9 Passage Delesseux, 9 étage, 65973, La Rochelle, Basse-Normandie, France

82 Avenue de la Paix, 0 étage, 77907, Dijon, Picardie, France

6 Avenue Saint-Denis, Apt. 791, 55316, Montreuil, Provence-Alpes-Côte d'Azur, France

2 Place de Solférino, 8 étage, 28086, Saint-Pierre, Champagne-Ardenne, France

460 Passage Joubert, Apt. 790, 48026, Saint-Nazaire, Poitou-Charentes, France

2169 Place Saint-Honoré, 6 étage, 22380, Metz, Auvergne, France

33 Boulevard de la Ferronnerie, 0 étage, 90475, Mulhouse, Poitou-Charentes, France

3322 Voie de Caumartin, Apt. 269, 05571, Limoges, Basse-Normandie, France

7242 Allée Delesseux, 7 étage, 28742, Nîmes, Bourgogne, France

6 Rue de Montmorency, Apt. 321, 09483, Metz, Lorraine, France

2530 Allée Mouffetard, 3 étage, 18613, Le Havre, Midi-Pyrénées, France

490 Voie Charlemagne, Apt. 282, 73997, Saint-Denis, Picardie, France

77 Place des Panoramas, Apt. 946, 35013, Montauban, Lorraine, France

007 Rue Saint-Denis, Apt. 020, 54041, Hyères, Île-de-France, France

61 Quai de la Victoire, 0 étage, 71754, Cayenne, Rhône-Alpes, France

8209 Quai Saint-Bernard, 7 étage, 20525, Orléans, Corse, France

501 Impasse Dauphine, 3 étage, 89792, Toulon, Limousin, France

9 Impasse Pastourelle, Apt. 840, 11817, Ivry-sur-Seine, Provence-Alpes-Côte d'Azur, France

7 Quai Pastourelle, Apt. 913, 27384, Dunkerque14, Franche-Comté, France

6 Avenue d'Abbeville, 4 étage, 04043, Grenoble, Auvergne, France

26 Place Joubert, 8 étage, 97470, Lyon, Midi-Pyrénées, France

68 Voie Saint-Bernard, Apt. 083, 39524, Colombes, Bourgogne, France

406 Boulevard de la Pompe, 8 étage, 10868, Clermont-Ferrand, Aquitaine, France

0361 Rue du Bac, Apt. 000, 30670, Angers, Languedoc-Roussillon, France

582 Rue de la Bûcherie, 3 étage, 13258, Le Mans, Rhône-Alpes, France

5800 Boulevard de Provence, Apt. 914, 55134, Vitry-sur-Seine, Limousin, France

1054 Place Du Sommerard, Apt. 825, 39316, Le Havre, Aquitaine, France

98 Allée Pastourelle, Apt. 082, 13877, Saint-Denis, Picardie, France

6 Rue Royale, 2 étage, 64534, Argenteuil, Franche-Comté, France

463 Allée Saint-Jacques, 9 étage, 73570, Vitry-sur-Seine, Corse, France

489 Rue Vaneau, Apt. 871, 49882, Rennes, Haute-Normandie, France

062 Boulevard Zadkine, 3 étage, 66464, Créteil, Haute-Normandie, France

04 Boulevard d'Assas, 9 étage, 69506, Mulhouse, Picardie, France

7469 Place Charlemagne, Apt. 490, 74510, Grenoble, Picardie, France

7977 Impasse Saint-Bernard, Apt. 045, 04478, Montreuil, Île-de-France, France

6586 Impasse du Dahomey, Apt. 947, 67014, Amiens, Languedoc-Roussillon, France

9375 Boulevard de la Pompe, 1 étage, 00660, Cholet, Centre, France

43 Passage Charlemagne, 0 étage, 15344, Saint-Nazaire, Haute-Normandie, France

0 Boulevard Laffitte, 6 étage, 53118, Quimper, Nord-Pas-de-Calais, France

8996 Impasse de la Ferronnerie, 2 étage, 84496, Bourges, Île-de-France, France

1366 Avenue Oberkampf, 1 étage, 74039, Aulnay-sous-Bois, Aquitaine, France

273 Voie Marcadet, Apt. 644, 72896, Toulouse, Champagne-Ardenne, France

2 Avenue de la Ferronnerie, 2 étage, 91718, Montauban, Aquitaine, France

21 Voie d'Alésia, 3 étage, 19058, Saint-Nazaire, Franche-Comté, France

2383 Avenue de Montmorency, 1 étage, 09133, Pau, Pays de la Loire, France

0064 Boulevard Pierre Charron, Apt. 573, 59639, Bourges, Limousin, France

19 Avenue de Richelieu, 8 étage, 33245, Issy-les-Moulineaux, Limousin, France

0292 Impasse des Francs-Bourgeois, Apt. 417, 56538, Saint-Nazaire, Île-de-France, France

7719 Quai de l'Odéon, 0 étage, 45957, Aubervilliers, Alsace, France

613 Boulevard de Vaugirard, 2 étage, 72266, Roubaix, Champagne-Ardenne, France

74 Place de la Pompe, 8 étage, 28538, Montpellier, Franche-Comté, France

510 Passage Joubert, Apt. 225, 01994, Nîmes, Centre, France

5 Quai Marcadet, Apt. 686, 30982, Toulouse, Aquitaine, France

0451 Impasse de la Pompe, Apt. 991, 47725, Roubaix, Bretagne, France

6925 Impasse de Montmorency, 0 étage, 15021, Aulnay-sous-Bois, Franche-Comté, France

1 Place de l'Odéon, Apt. 555, 55997, Dunkerque14, Basse-Normandie, France

3 Quai du Dahomey, Apt. 625, 61426, Ajaccio, Languedoc-Roussillon, France

1 Quai de Caumartin, Apt. 461, 32877, Aulnay-sous-Bois, Franche-Comté, France

6178 Voie Bonaparte, 7 étage, 97859, Perpignan, Lorraine, France

023 Avenue de la Victoire, 8 étage, 42427, Vénissieux, Bretagne, France

9 Boulevard des Saussaies, Apt. 460, 47798, Poitiers, Bretagne, France

9989 Impasse Pierre Charron, Apt. 788, 65981, Le Tampon, Nord-Pas-de-Calais, France

7287 Boulevard Delesseux, 2 étage, 48261, Villeneuve-d'Ascq, Haute-Normandie, France

263 Boulevard d'Argenteuil, Apt. 813, 30084, Nice, Pays de la Loire, France

92 Avenue des Lombards, Apt. 155, 51029, Lorient, Champagne-Ardenne, France

5 Voie Montorgueil, Apt. 120, 18549, Nanterre, Auvergne, France

0372 Impasse de l'Abbaye, 4 étage, 15371, Argenteuil, Languedoc-Roussillon, France

36 Avenue Saint-Jacques, Apt. 252, 14857, Quimper, Alsace, France

6 Quai Charlemagne, 8 étage, 36068, Reims, Centre, France

2250 Boulevard Saint-Bernard, Apt. 081, 48726, Asnières-sur-Seine, Auvergne, France

19 Passage Vaneau, Apt. 730, 07045, Nantes, Auvergne, France

737 Allée de Caumartin, 0 étage, 84750, Beauvais, Midi-Pyrénées, France

757 Voie Bonaparte, 4 étage, 32739, Clermont-Ferrand, Aquitaine, France

478 Place Oberkampf, Apt. 575, 58636, Le Mans, Île-de-France, France

7 Place Oberkampf, 4 étage, 21834, Saint-Denis, Bretagne, France

58 Boulevard Pastourelle, Apt. 366, 22150, Toulon, Provence-Alpes-Côte d'Azur, France

4047 Passage Saint-Séverin, 9 étage, 63780, Argenteuil, Auvergne, France

41 Impasse de la Ferronnerie, 5 étage, 33376, Villejuif, Franche-Comté, France

0685 Voie de Rivoli, 3 étage, 95482, Colmar, Aquitaine, France

21 Rue Pierre Charron, Apt. 023, 84146, Lorient, Bretagne, France

120 Quai Saint-Bernard, 5 étage, 21803, Saint-Paul, Languedoc-Roussillon, France

197 Impasse Du Sommerard, Apt. 864, 44421, Pau, Haute-Normandie, France

23 Place Zadkine, Apt. 216, 30446, Saint-Paul, Lorraine, France

735 Rue Pierre Charron, 3 étage, 23611, Saint-Paul, Auvergne, France

1513 Allée Mouffetard, 4 étage, 43583, Drancy, Île-de-France, France

742 Place de Paris, Apt. 371, 01787, Clichy, Centre, France

6458 Avenue Molière, 8 étage, 46613, Avignon, Aquitaine, France

9074 Boulevard La Boétie, 8 étage, 00642, Boulogne-Billancourt, Auvergne, France

424 Place de Caumartin, Apt. 257, 44569, Aubervilliers, Rhône-Alpes, France

693 Passage Du Sommerard, Apt. 109, 23286, Strasbourg, Pays de la Loire, France

9 Avenue de la Pompe, 1 étage, 26495, Ajaccio, Picardie, France

114 Avenue du Chat-qui-Pêche, Apt. 412, 15953, Mérignac, Bourgogne, France

827 Voie Lepic, Apt. 410, 31731, Saint-Pierre, Champagne-Ardenne, France

69 Boulevard de l'Odéon, 2 étage, 81483, Montauban, Auvergne, France

5 Place Marcadet, Apt. 763, 32690, Saint-Nazaire, Rhône-Alpes, France

383 Allée Saint-Jacques, Apt. 969, 22541, Nanterre, Pays de la Loire, France

9521 Impasse de Tilsitt, 7 étage, 10651, Rueil-Malmaison, Haute-Normandie, France

9180 Passage Pastourelle, Apt. 439, 86683, Tourcoing, Franche-Comté, France

62 Impasse du Bac, Apt. 691, 52481, Troyes, Nord-Pas-de-Calais, France

3040 Allée d'Abbeville, Apt. 139, 41751, Tours, Centre, France

5 Quai de la Huchette, Apt. 552, 27330, Beauvais, Limousin, France

1644 Allée Dauphine, 2 étage, 55838, Rouen, Centre, France

54 Avenue de la Pompe, 8 étage, 27300, Villejuif, Aquitaine, France

27 Quai Saint-Jacques, 3 étage, 61632, Ajaccio, Lorraine, France

3 Rue Montorgueil, 1 étage, 55453, Orléans, Lorraine, France

566 Rue des Saussaies, Apt. 068, 09843, Paris, Haute-Normandie, France

7 Allée Laffitte, 1 étage, 76507, Antibes, Île-de-France, France

4839 Allée Bonaparte, 3 étage, 86420, Levallois-Perret, Provence-Alpes-Côte d'Azur, France

56 Place de la Ferronnerie, Apt. 808, 92742, Créteil, Franche-Comté, France

7224 Avenue Montorgueil, Apt. 502, 63501, Saint-Denis, Limousin, France

37 Passage Bonaparte, 3 étage, 40501, Rennes, Midi-Pyrénées, France

7665 Quai Oberkampf, 4 étage, 37110, Sarcelles, Centre, France

0 Impasse du Chat-qui-Pêche, Apt. 727, 97645, Vitry-sur-Seine, Bourgogne, France

9 Passage Vaneau, Apt. 671, 81220, Montreuil, Champagne-Ardenne, France

5 Voie des Lombards, Apt. 777, 87799, Montauban, Rhône-Alpes, France

845 Boulevard Zadkine, 1 étage, 91043, Metz, Franche-Comté, France

8 Rue Du Sommerard, Apt. 358, 27111, Antony, Centre, France

99 Passage La Boétie, 0 étage, 64265, Nice, Provence-Alpes-Côte d'Azur, France

84 Quai Royale, 4 étage, 82008, Marseille, Midi-Pyrénées, France

0337 Voie du Chat-qui-Pêche, 1 étage, 57764, Rouen, Corse, France

9 Quai de Richelieu, Apt. 339, 17848, Aulnay-sous-Bois, Corse, France

9687 Passage Royale, 6 étage, 21022, Lille, Pays de la Loire, France

4 Avenue Marcadet, Apt. 491, 77776, Marseille, Bretagne, France

96 Passage du Chat-qui-Pêche, Apt. 080, 57314, Bordeaux, Île-de-France, France

8 Place des Lombards, Apt. 806, 13528, Caen, Haute-Normandie, France

6 Passage de Presbourg, Apt. 420, 70597, Cergy, Aquitaine, France

01 Avenue Montorgueil, Apt. 541, 86719, Saint-Denis, Haute-Normandie, France

39 Allée de la Harpe, 8 étage, 51324, Montreuil, Île-de-France, France

77 Boulevard du Faubourg Saint-Honoré, 0 étage, 19060, Issy-les-Moulineaux, Poitou-Charentes, France

7975 Place du Bac, 8 étage, 71351, Montreuil, Limousin, France

3 Voie des Grands Augustins, Apt. 028, 41678, Mérignac, Lorraine, France

168 Voie Lepic, 7 étage, 47193, Mérignac, Bretagne, France

2756 Avenue Vaneau, 7 étage, 48782, Aulnay-sous-Bois, Nord-Pas-de-Calais, France

47 Avenue de la Ferronnerie, Apt. 184, 61225, Chambéry, Basse-Normandie, France

2271 Rue La Boétie, 8 étage, 54525, Courbevoie, Île-de-France, France

03 Quai Delesseux, Apt. 948, 79392, Nanterre, Alsace, France

7 Quai Royale, Apt. 367, 23007, Chambéry, Bretagne, France

0 Rue Du Sommerard, 7 étage, 25745, Grenoble, Champagne-Ardenne, France

9961 Boulevard de Vaugirard, Apt. 925, 17103, Le Mans, Corse, France

9 Avenue Mouffetard, Apt. 223, 25323, Bordeaux, Basse-Normandie, France

1 Boulevard Pastourelle, 4 étage, 85863, Le Tampon, Alsace, France

6562 Allée Mouffetard, 9 étage, 73358, Montauban, Provence-Alpes-Côte d'Azur, France

0724 Impasse Vaneau, 8 étage, 05500, Nîmes, Nord-Pas-de-Calais, France

23 Quai de la Ferronnerie, Apt. 364, 43276, Cannes, Limousin, France

7 Place Pierre Charron, 0 étage, 85514, Le Mans, Languedoc-Roussillon, France

721 Boulevard des Panoramas, Apt. 873, 77784, Niort, Picardie, France

66 Place Mouffetard, 9 étage, 88255, Tours, Languedoc-Roussillon, France

9268 Passage d'Argenteuil, Apt. 107, 67123, Orléans, Rhône-Alpes, France

53 Passage Joubert, 0 étage, 71859, Villeurbanne, Île-de-France, France

536 Passage de Provence, Apt. 896, 54461, Clichy, Bourgogne, France

6801 Impasse Pierre Charron, Apt. 704, 13443, Sarcelles, Alsace, France

1 Allée d'Argenteuil, 2 étage, 84703, Saint-Nazaire, Limousin, France

7577 Allée Montorgueil, 6 étage, 29372, Saint-Quentin, Limousin, France

3 Voie d'Argenteuil, 4 étage, 76096, Quimper, Corse, France

1 Avenue Joubert, 2 étage, 75294, Tours, Alsace, France

221 Passage de la Chaussée-d'Antin, 9 étage, 51731, Le Tampon, Nord-Pas-de-Calais, France

5968 Quai Lepic, Apt. 324, 50258, Beauvais, Île-de-France, France

3619 Allée du Faubourg Saint-Honoré, Apt. 630, 94617, Nîmes, Franche-Comté, France

4126 Place Vaneau, Apt. 148, 86034, Antibes, Lorraine, France

5302 Voie du Faubourg Saint-Honoré, Apt. 435, 67091, Montpellier, Limousin, France

0754 Rue Lepic, 4 étage, 08604, La Seyne-sur-Mer, Aquitaine, France

305 Boulevard Saint-Bernard, Apt. 860, 78871, Boulogne-Billancourt, Lorraine, France

808 Rue de la Bûcherie, 1 étage, 85842, Levallois-Perret, Bourgogne, France

400 Avenue La Boétie, 5 étage, 01489, Pau, Bourgogne, France

947 Boulevard Delesseux, Apt. 579, 08270, Fort-de-France, Centre, France

9 Impasse du Faubourg Saint-Honoré, Apt. 606, 70451, Fort-de-France, Centre, France

5 Passage de Vaugirard, Apt. 784, 05089, Lyon, Aquitaine, France

1 Boulevard Saint-Honoré, Apt. 387, 87633, Bordeaux, Basse-Normandie, France

6915 Avenue de la Chaussée-d'Antin, Apt. 078, 14312, Boulogne-Billancourt, Rhône-Alpes, France

1651 Place La Boétie, 8 étage, 79089, Beauvais, Île-de-France, France

15 Voie de la Ferronnerie, Apt. 748, 44465, Besançon, Corse, France

3578 Rue Saint-Jacques, Apt. 940, 86999, Villejuif, Poitou-Charentes, France

020 Impasse Monsieur-le-Prince, 1 étage, 48792, Strasbourg, Haute-Normandie, France

45 Rue Saint-Jacques, 8 étage, 10690, Toulouse, Basse-Normandie, France

5726 Allée de Montmorency, Apt. 183, 35494, Clichy, Haute-Normandie, France

278 Voie d'Alésia, Apt. 979, 14471, Champigny-sur-Marne, Poitou-Charentes, France

00 Rue de Montmorency, Apt. 007, 82275, Quimper, Poitou-Charentes, France

61 Allée Dauphine, 3 étage, 19694, Toulouse, Bourgogne, France

3 Passage de Nesle, 6 étage, 00938, Saint-Maur-des-Fossés, Haute-Normandie, France

4 Avenue de l'Odéon, 2 étage, 90984, Saint-Paul, Provence-Alpes-Côte d'Azur, France

5277 Avenue Zadkine, 6 étage, 23752, Vénissieux, Poitou-Charentes, France

016 Impasse Vaneau, 8 étage, 19109, Dunkerque14, Aquitaine, France

109 Place des Francs-Bourgeois, Apt. 746, 22189, Nîmes, Pays de la Loire, France

3304 Boulevard Adolphe Mille, Apt. 838, 22489, La Rochelle, Auvergne, France

439 Boulevard Saint-Séverin, Apt. 999, 89037, Saint-Denis, Picardie, France

21 Allée La Boétie, 0 étage, 31997, Levallois-Perret, Champagne-Ardenne, France

9 Voie de Tilsitt, 4 étage, 45073, Asnières-sur-Seine, Auvergne, France

69 Allée Mouffetard, 4 étage, 54650, Beauvais, Picardie, France

5 Passage Saint-Denis, Apt. 255, 48108, Levallois-Perret, Pays de la Loire, France

2 Passage Saint-Denis, Apt. 060, 41215, Strasbourg, Franche-Comté, France

1464 Boulevard de la Victoire, Apt. 042, 39269, Cannes, Champagne-Ardenne, France

5016 Boulevard de Montmorency, Apt. 775, 06666, Montreuil, Île-de-France, France

762 Voie Saint-Jacques, Apt. 997, 73470, Pessac, Bourgogne, France

9433 Voie de Provence, Apt. 121, 97213, Argenteuil, Pays de la Loire, France

4 Place des Grands Augustins, 5 étage, 55608, Saint-Denis, Champagne-Ardenne, France

2743 Boulevard d'Argenteuil, 8 étage, 81816, Troyes, Alsace, France

47 Boulevard des Panoramas, 2 étage, 85321, Nice, Alsace, France

3786 Quai de Caumartin, Apt. 066, 61969, Villejuif, Bourgogne, France

748 Place de la Harpe, 7 étage, 60966, Toulouse, Nord-Pas-de-Calais, France

49 Allée Montorgueil, 6 étage, 23364, Cayenne, Haute-Normandie, France

9430 Rue de Provence, Apt. 494, 27375, Bourges, Lorraine, France

1 Passage du Faubourg Saint-Honoré, 4 étage, 26505, Cholet, Alsace, France

4 Allée de la Victoire, 9 étage, 82203, Courbevoie, Centre, France

70 Allée Montorgueil, Apt. 370, 17178, Les Abymes, Auvergne, France

2 Passage d'Argenteuil, Apt. 139, 74758, Nancy, Champagne-Ardenne, France

148 Rue Saint-Jacques, Apt. 548, 00721, Dijon, Champagne-Ardenne, France

5849 Allée d'Alésia, Apt. 202, 46744, Colombes, Haute-Normandie, France

25 Impasse de Richelieu, 4 étage, 15711, Mulhouse, Rhône-Alpes, France

3416 Passage La Boétie, Apt. 998, 91959, Cannes, Auvergne, France

9 Avenue de la Huchette, Apt. 991, 88534, Aubervilliers, Nord-Pas-de-Calais, France

8200 Rue d'Abbeville, Apt. 837, 30141, Angers, Basse-Normandie, France

0 Place de la Harpe, 2 étage, 55278, Issy-les-Moulineaux, Bretagne, France

34 Rue de la Huchette, 7 étage, 12908, Toulouse, Corse, France

62 Boulevard d'Orsel, Apt. 132, 33353, Angers, Languedoc-Roussillon, France

59 Allée Molière, Apt. 524, 59669, Caen, Île-de-France, France

6790 Place Lepic, 8 étage, 30140, Dijon, Franche-Comté, France

3464 Passage Mouffetard, 8 étage, 90894, Perpignan, Languedoc-Roussillon, France

0 Passage Marcadet, Apt. 674, 84946, Colmar, Franche-Comté, France

095 Voie Saint-Dominique, Apt. 136, 12054, Roubaix, Auvergne, France

2707 Rue d'Abbeville, 9 étage, 48932, Le Havre, Franche-Comté, France

9391 Avenue d'Assas, Apt. 561, 12666, Dunkerque14, Poitou-Charentes, France

1 Voie des Panoramas, 1 étage, 31809, Saint-Étienne, Aquitaine, France

8781 Voie Monsieur-le-Prince, Apt. 142, 01536, Clermont-Ferrand, Pays de la Loire, France

6 Avenue de Seine, 2 étage, 48467, Colombes, Île-de-France, France

252 Impasse Delesseux, Apt. 814, 01968, Ajaccio, Île-de-France, France

674 Quai Lepic, 9 étage, 97137, Cholet, Alsace, France

81 Avenue Mouffetard, 7 étage, 85175, Levallois-Perret, Bourgogne, France

1 Place Zadkine, 1 étage, 07648, Clermont-Ferrand, Limousin, France

5155 Allée Adolphe Mille, 6 étage, 64632, Montreuil, Bourgogne, France

3 Place du Faubourg Saint-Honoré, 3 étage, 29908, Vénissieux, Alsace, France

7730 Quai de la Bûcherie, Apt. 023, 09259, Saint-Denis, Limousin, France

6 Voie de Richelieu, 7 étage, 99546, Vitry-sur-Seine, Midi-Pyrénées, France

116 Boulevard Marcadet, 8 étage, 46006, Perpignan, Île-de-France, France

440 Boulevard du Faubourg-Saint-Denis, 8 étage, 58325, Nantes, Pays de la Loire, France

41 Boulevard de Seine, Apt. 909, 26774, Ajaccio, Île-de-France, France

54 Place Charlemagne, 9 étage, 07030, Lille, Pays de la Loire, France

752 Boulevard Saint-Honoré, Apt. 649, 86422, Calais, Picardie, France

8854 Quai Charlemagne, 1 étage, 53022, Strasbourg, Auvergne, France

5025 Rue de la Paix, Apt. 784, 85706, Troyes, Aquitaine, France

847 Rue d'Argenteuil, 0 étage, 94861, Chambéry, Franche-Comté, France

416 Voie de Tilsitt, 9 étage, 09336, Boulogne-Billancourt, Lorraine, France

841 Voie de la Paix, 8 étage, 05552, Antony, Île-de-France, France

7707 Impasse Saint-Jacques, 2 étage, 52085, Rueil-Malmaison, Limousin, France

7473 Place Saint-Séverin, Apt. 890, 11430, Le Tampon, Alsace, France

7220 Avenue Du Sommerard, Apt. 568, 71158, Montauban, Poitou-Charentes, France

05 Rue de Paris, 5 étage, 08391, Fort-de-France, Lorraine, France

4908 Voie Joubert, Apt. 700, 54844, Rueil-Malmaison, Haute-Normandie, France

99 Impasse d'Alésia, Apt. 992, 86809, Pessac, Corse, France

4 Quai de la Huchette, 6 étage, 25664, Champigny-sur-Marne, Corse, France

7 Voie des Lombards, Apt. 853, 35693, Poitiers, Haute-Normandie, France

59 Boulevard de la Victoire, 0 étage, 83542, Paris, Nord-Pas-de-Calais, France

5139 Boulevard de Solférino, 5 étage, 70655, Saint-Étienne, Bourgogne, France

279 Boulevard de Vaugirard, Apt. 808, 52394, Créteil, Languedoc-Roussillon, France

8301 Impasse de Rivoli, 7 étage, 34697, Beauvais, Corse, France

695 Rue Laffitte, Apt. 861, 51437, Nice, Picardie, France

647 Quai d'Orsel, Apt. 406, 36437, Poitiers, Bourgogne, France

1 Boulevard d'Abbeville, 5 étage, 13502, Le Tampon, Auvergne, France

0914 Impasse d'Assas, 7 étage, 61712, Valence, Midi-Pyrénées, France

662 Rue de Rivoli, 6 étage, 29612, Courbevoie, Picardie, France

878 Boulevard Du Sommerard, 2 étage, 90134, Toulon, Haute-Normandie, France

277 Avenue du Chat-qui-Pêche, 6 étage, 63600, Reims, Champagne-Ardenne, France

8 Allée de Tilsitt, Apt. 548, 03471, Courbevoie, Bourgogne, France

371 Place de la Harpe, 1 étage, 53210, Le Mans, Corse, France

671 Quai de la Huchette, Apt. 020, 93555, Villejuif, Champagne-Ardenne, France

926 Voie de Seine, 6 étage, 95303, Troyes, Lorraine, France

507 Quai Saint-Bernard, 2 étage, 36268, Montreuil, Alsace, France

34 Voie du Bac, 8 étage, 46212, Le Tampon, Midi-Pyrénées, France

3443 Boulevard Molière, Apt. 053, 84972, Strasbourg, Pays de la Loire, France

67 Passage Saint-Jacques, 6 étage, 15720, Villeurbanne, Aquitaine, France

2 Impasse de la Paix, 0 étage, 57497, Noisy-le-Grand, Nord-Pas-de-Calais, France

03 Allée d'Orsel, 6 étage, 93100, Drancy, Bretagne, France

9 Allée Dauphine, Apt. 266, 54929, Saint-Étienne, Languedoc-Roussillon, France

31 Passage de la Victoire, Apt. 803, 91781, Cergy, Bretagne, France

26 Boulevard Saint-Dominique, 8 étage, 98193, Nancy, Rhône-Alpes, France

438 Quai des Francs-Bourgeois, 9 étage, 07815, Ivry-sur-Seine, Limousin, France

931 Place du Bac, 8 étage, 39470, Cergy, Nord-Pas-de-Calais, France

1283 Rue Pastourelle, Apt. 805, 52579, Antony, Haute-Normandie, France

0508 Boulevard La Boétie, Apt. 858, 82562, Villeurbanne, Pays de la Loire, France

0259 Voie Adolphe Mille, Apt. 076, 56534, Cayenne, Rhône-Alpes, France

2 Boulevard Delesseux, Apt. 314, 38071, Antony, Provence-Alpes-Côte d'Azur, France

1569 Passage de l'Odéon, Apt. 829, 22601, Villeurbanne, Basse-Normandie, France

3 Boulevard Saint-Jacques, 7 étage, 55623, Limoges, Lorraine, France

432 Allée des Francs-Bourgeois, Apt. 228, 66480, Saint-Denis, Lorraine, France

941 Place de Rivoli, 2 étage, 94605, Aulnay-sous-Bois, Bretagne, France

33 Avenue Delesseux, 7 étage, 38825, Angers, Picardie, France

1 Voie Montorgueil, Apt. 673, 37013, Courbevoie, Île-de-France, France

518 Quai Charlemagne, 5 étage, 18058, Versailles, Nord-Pas-de-Calais, France

3 Place de Richelieu, Apt. 881, 60070, Asnières-sur-Seine, Poitou-Charentes, France

55 Passage Zadkine, 0 étage, 91410, Lille, Limousin, France

345 Avenue de Richelieu, Apt. 107, 48525, Clermont-Ferrand, Alsace, France

602 Rue des Panoramas, Apt. 063, 34098, Bourges, Midi-Pyrénées, France

8306 Quai Saint-Séverin, 9 étage, 85664, Le Tampon, Limousin, France

811 Boulevard du Bac, 8 étage, 32097, Avignon, Haute-Normandie, France

8 Passage Saint-Denis, Apt. 934, 60046, Avignon, Alsace, France

29 Rue Joubert, Apt. 790, 81623, Créteil, Haute-Normandie, France

1471 Avenue de la Huchette, Apt. 171, 05877, Nancy, Nord-Pas-de-Calais, France

30 Passage de la Pompe, 2 étage, 16474, Cannes, Nord-Pas-de-Calais, France

307 Impasse du Dahomey, Apt. 034, 63162, Cayenne, Rhône-Alpes, France

084 Quai de Nesle, 4 étage, 33246, Aulnay-sous-Bois, Pays de la Loire, France

6656 Quai Molière, Apt. 365, 43723, Saint-Nazaire, Picardie, France

79 Rue de la Ferronnerie, 2 étage, 77266, Vénissieux, Nord-Pas-de-Calais, France

78 Voie d'Abbeville, Apt. 809, 38583, Bordeaux, Auvergne, France

1 Rue Adolphe Mille, Apt. 679, 37463, Valence, Pays de la Loire, France

185 Avenue de Paris, Apt. 828, 81798, Vénissieux, Champagne-Ardenne, France

7 Avenue d'Assas, Apt. 588, 39429, Ivry-sur-Seine, Bourgogne, France

6 Voie Charlemagne, 0 étage, 59028, Ivry-sur-Seine, Corse, France

4 Allée des Lombards, 6 étage, 20918, Clichy, Pays de la Loire, France

6 Rue de la Harpe, 2 étage, 11682, Lorient, Haute-Normandie, France

689 Allée des Francs-Bourgeois, Apt. 395, 89645, Bourges, Bretagne, France

05 Allée d'Argenteuil, Apt. 979, 74672, Montpellier, Alsace, France

306 Voie Saint-Bernard, 2 étage, 08060, Rueil-Malmaison, Picardie, France

2 Impasse de l'Odéon, 7 étage, 43569, Bourges, Pays de la Loire, France

6382 Place Saint-Honoré, 7 étage, 01342, Asnières-sur-Seine, Midi-Pyrénées, France

1 Passage d'Abbeville, 4 étage, 34681, Levallois-Perret, Bretagne, France

3219 Impasse Joubert, Apt. 915, 45102, Saint-Denis, Haute-Normandie, France

055 Impasse de la Ferronnerie, Apt. 250, 57505, Asnières-sur-Seine, Pays de la Loire, France

729 Voie Molière, 6 étage, 77866, Le Havre, Champagne-Ardenne, France

4178 Boulevard du Faubourg-Saint-Denis, Apt. 976, 32461, Saint-Denis, Nord-Pas-de-Calais, France

6168 Allée des Saussaies, 3 étage, 33975, Saint-Denis, Île-de-France, France

619 Rue des Saussaies, 8 étage, 08298, Dunkerque14, Corse, France

1 Avenue de la Bûcherie, Apt. 496, 07640, Courbevoie, Bourgogne, France

06 Place de Rivoli, 9 étage, 21351, Mulhouse, Picardie, France

5 Avenue de Nesle, 8 étage, 53256, Le Mans, Picardie, France

2 Quai des Lombards, 9 étage, 72425, Lorient, Basse-Normandie, France

637 Impasse de Montmorency, Apt. 978, 10170, Saint-Paul, Île-de-France, France

7666 Avenue Delesseux, Apt. 321, 54458, La Rochelle, Île-de-France, France

748 Boulevard Royale, 3 étage, 00533, Béziers, Pays de la Loire, France

21 Quai de la Bûcherie, 4 étage, 59346, Sarcelles, Midi-Pyrénées, France

8 Rue Marcadet, Apt. 611, 38126, Issy-les-Moulineaux, Nord-Pas-de-Calais, France

02 Avenue Dauphine, 7 étage, 62373, Dijon, Pays de la Loire, France

6126 Boulevard des Grands Augustins, Apt. 547, 56523, Béziers, Pays de la Loire, France

916 Avenue des Grands Augustins, Apt. 241, 27124, Grenoble, Lorraine, France

704 Place La Boétie, 8 étage, 00063, Bourges, Nord-Pas-de-Calais, France

290 Boulevard Du Sommerard, Apt. 834, 47227, Pessac, Rhône-Alpes, France

5847 Passage Du Sommerard, 2 étage, 71963, Grenoble, Centre, France

0083 Avenue Montorgueil, Apt. 926, 58828, Ajaccio, Picardie, France

05 Boulevard des Saussaies, Apt. 341, 24152, Paris, Nord-Pas-de-Calais, France

032 Passage des Grands Augustins, Apt. 741, 02109, Montreuil, Poitou-Charentes, France

6 Voie de l'Abbaye, Apt. 555, 28882, Tours, Bretagne, France

1 Boulevard d'Argenteuil, 0 étage, 94700, Troyes, Midi-Pyrénées, France

64 Allée du Faubourg-Saint-Denis, 7 étage, 88009, Clermont-Ferrand, Pays de la Loire, France

418 Voie des Panoramas, 3 étage, 50482, Caen, Bretagne, France

3 Quai Molière, Apt. 763, 31330, Antony, Rhône-Alpes, France

11 Passage Molière, 1 étage, 17328, Rouen, Languedoc-Roussillon, France

7 Rue de Presbourg, Apt. 694, 71750, Metz, Alsace, France

2101 Avenue Pastourelle, 2 étage, 47763, Bordeaux, Corse, France

2 Boulevard Saint-Séverin, Apt. 369, 48346, Saint-Pierre, Languedoc-Roussillon, France

5 Impasse des Lombards, Apt. 155, 03967, Saint-Pierre, Champagne-Ardenne, France

91 Avenue des Francs-Bourgeois, 2 étage, 70522, Paris, Languedoc-Roussillon, France

980 Quai Molière, Apt. 334, 71257, Drancy, Franche-Comté, France

50 Avenue Dauphine, 5 étage, 06152, Avignon, Picardie, France

92 Boulevard Pierre Charron, Apt. 781, 24609, Bordeaux, Champagne-Ardenne, France

3529 Place de Caumartin, 6 étage, 93182, Sarcelles, Limousin, France

2 Rue des Francs-Bourgeois, Apt. 388, 34103, Colombes, Centre, France

94 Boulevard Zadkine, 5 étage, 34731, Noisy-le-Grand, Franche-Comté, France

536 Rue de l'Abbaye, 1 étage, 44248, Montpellier, Nord-Pas-de-Calais, France

2198 Allée Saint-Séverin, 6 étage, 15155, Nîmes, Rhône-Alpes, France

0 Boulevard Saint-Bernard, Apt. 878, 94224, Toulon, Champagne-Ardenne, France

710 Boulevard de la Harpe, Apt. 026, 74091, Noisy-le-Grand, Basse-Normandie, France

4 Quai Bonaparte, 0 étage, 16476, Saint-Quentin, Poitou-Charentes, France

5 Boulevard Saint-Séverin, Apt. 762, 78502, Vitry-sur-Seine, Limousin, France

8382 Rue de Presbourg, 7 étage, 80062, Boulogne-Billancourt, Auvergne, France

192 Place Saint-Bernard, Apt. 459, 34855, Boulogne-Billancourt, Pays de la Loire, France

0317 Quai de la Huchette, Apt. 449, 51778, Nantes, Franche-Comté, France

8 Quai de Provence, Apt. 763, 46188, Champigny-sur-Marne, Limousin, France

5 Place du Faubourg-Saint-Denis, 6 étage, 40408, Tours, Corse, France

834 Boulevard de Paris, 0 étage, 98172, Les Abymes, Provence-Alpes-Côte d'Azur, France

99 Allée Pastourelle, 7 étage, 16199, Clichy, Languedoc-Roussillon, France

095 Avenue Delesseux, 1 étage, 93219, Clichy, Limousin, France

55 Avenue de la Pompe, 7 étage, 15848, Toulouse, Bretagne, France

25 Rue du Faubourg-Saint-Denis, 3 étage, 19042, Angers, Auvergne, France

76 Impasse de Seine, Apt. 992, 21420, Pau, Rhône-Alpes, France

7555 Voie de Richelieu, Apt. 481, 74569, Calais, Midi-Pyrénées, France

91 Allée de Nesle, Apt. 278, 09291, Amiens, Midi-Pyrénées, France

3 Voie de la Harpe, Apt. 272, 34412, Montauban, Haute-Normandie, France

3 Impasse des Grands Augustins, Apt. 795, 92812, Boulogne-Billancourt, Centre, France

0400 Rue d'Argenteuil, 0 étage, 43656, Lorient, Franche-Comté, France

6492 Voie Oberkampf, Apt. 224, 99848, Nanterre, Bourgogne, France

6 Allée de la Pompe, Apt. 461, 52152, Quimper, Aquitaine, France

4865 Allée du Chat-qui-Pêche, 5 étage, 31228, Lyon, Champagne-Ardenne, France

5 Boulevard des Francs-Bourgeois, 2 étage, 37499, Villejuif, Picardie, France

6 Impasse du Dahomey, Apt. 687, 30487, Saint-Paul, Rhône-Alpes, France

357 Quai du Faubourg Saint-Honoré, 7 étage, 68912, Saint-Maur-des-Fossés, Corse, France

5 Avenue Vaneau, Apt. 044, 69262, Niort, Centre, France

800 Boulevard Saint-Jacques, Apt. 334, 23480, Villeurbanne, Limousin, France

373 Rue de la Bûcherie, Apt. 998, 43715, Caen, Aquitaine, France

4 Passage de l'Abbaye, 9 étage, 73300, Vitry-sur-Seine, Poitou-Charentes, France

7 Place Pastourelle, Apt. 509, 14882, Perpignan, Picardie, France

8 Voie de Seine, 4 étage, 26995, Aulnay-sous-Bois, Provence-Alpes-Côte d'Azur, France

07 Quai Monsieur-le-Prince, 2 étage, 74985, Pessac, Auvergne, France

043 Rue Delesseux, 8 étage, 25073, Aubervilliers, Basse-Normandie, France

7985 Rue du Chat-qui-Pêche, 9 étage, 23432, Villeneuve-d'Ascq, Centre, France

43 Rue de la Huchette, Apt. 216, 46310, Vitry-sur-Seine, Haute-Normandie, France

260 Quai Saint-Bernard, 2 étage, 40645, Calais, Provence-Alpes-Côte d'Azur, France

84 Rue des Panoramas, 1 étage, 04471, Valence, Picardie, France

0842 Avenue Saint-Séverin, Apt. 768, 92585, Clichy, Centre, France

626 Passage Charlemagne, 8 étage, 70292, Vénissieux, Nord-Pas-de-Calais, France

6 Boulevard de Montmorency, 5 étage, 87933, Chambéry, Languedoc-Roussillon, France

3072 Impasse de l'Odéon, 5 étage, 08120, Le Havre, Poitou-Charentes, France

71 Allée Saint-Denis, Apt. 909, 79158, Caen, Provence-Alpes-Côte d'Azur, France

667 Voie Monsieur-le-Prince, Apt. 633, 34001, Lille, Provence-Alpes-Côte d'Azur, France

9 Allée des Lombards, Apt. 553, 71202, Montpellier, Limousin, France

0334 Passage Molière, Apt. 961, 01894, Lorient, Champagne-Ardenne, France

6 Rue du Havre, Apt. 040, 44522, Besançon, Poitou-Charentes, France

5 Quai Joubert, 1 étage, 73695, Besançon, Aquitaine, France

50 Passage Saint-Jacques, Apt. 080, 79021, Mérignac, Haute-Normandie, France

6907 Place de la Huchette, Apt. 939, 04547, Limoges, Alsace, France

1293 Quai Du Sommerard, 4 étage, 27353, Niort, Provence-Alpes-Côte d'Azur, France

55 Impasse Saint-Honoré, 2 étage, 57024, Pau, Poitou-Charentes, France

779 Rue de Caumartin, 5 étage, 77404, Vénissieux, Haute-Normandie, France

643 Passage des Panoramas, Apt. 794, 38382, Rueil-Malmaison, Nord-Pas-de-Calais, France

2 Rue de la Harpe, Apt. 480, 26969, Le Tampon, Bretagne, France

410 Boulevard Royale, 8 étage, 55132, Cayenne, Languedoc-Roussillon, France

6417 Avenue du Bac, Apt. 730, 23622, Nancy, Pays de la Loire, France

4 Avenue de Rivoli, Apt. 476, 81407, Perpignan, Champagne-Ardenne, France

0054 Avenue Saint-Honoré, 6 étage, 73291, Argenteuil, Centre, France

2680 Quai de la Bûcherie, Apt. 604, 26894, Béziers, Île-de-France, France

4 Passage de la Bûcherie, Apt. 647, 91393, Lyon, Champagne-Ardenne, France

4831 Impasse de la Huchette, 6 étage, 12912, Lorient, Nord-Pas-de-Calais, France

4 Boulevard du Bac, Apt. 764, 74054, Ajaccio, Franche-Comté, France

801 Passage de la Paix, Apt. 537, 58450, Angers, Île-de-France, France

9448 Avenue Laffitte, Apt. 579, 14535, Drancy, Haute-Normandie, France

5 Passage de la Ferronnerie, 7 étage, 10599, Colombes, Corse, France

1203 Rue de Rivoli, Apt. 892, 77695, Strasbourg, Picardie, France

094 Place d'Abbeville, 1 étage, 68425, Saint-Quentin, Corse, France

809 Impasse Lepic, Apt. 549, 87052, Colombes, Provence-Alpes-Côte d'Azur, France

4 Place Saint-Dominique, Apt. 040, 60120, Brest, Midi-Pyrénées, France

0450 Passage Adolphe Mille, Apt. 059, 94597, Dunkerque14, Poitou-Charentes, France

9615 Voie d'Assas, 0 étage, 79537, Nice, Bretagne, France

2751 Boulevard des Lombards, 9 étage, 09110, Rouen, Midi-Pyrénées, France

368 Quai d'Alésia, Apt. 117, 60054, Antony, Centre, France

4616 Voie de la Paix, 6 étage, 67088, Saint-Denis, Poitou-Charentes, France

0016 Quai Pastourelle, Apt. 188, 12060, Brest, Provence-Alpes-Côte d'Azur, France

90 Passage Marcadet, Apt. 182, 75844, Le Mans, Nord-Pas-de-Calais, France

1558 Voie d'Abbeville, 2 étage, 79114, Quimper, Bretagne, France

80 Avenue Oberkampf, Apt. 582, 74047, Cannes, Alsace, France

0524 Impasse des Rosiers, Apt. 025, 65691, Valence, Midi-Pyrénées, France

219 Voie Saint-Jacques, 4 étage, 90601, Cholet, Île-de-France, France

1231 Voie de la Paix, Apt. 516, 63680, Rouen, Lorraine, France

458 Impasse de Richelieu, 8 étage, 11828, Le Tampon, Nord-Pas-de-Calais, France

81 Passage des Lombards, Apt. 314, 30407, Boulogne-Billancourt, Alsace, France

574 Quai de Provence, 5 étage, 59856, Nantes, Basse-Normandie, France

295 Allée des Saussaies, Apt. 743, 68926, Cholet, Aquitaine, France

006 Impasse Saint-Séverin, Apt. 645, 34986, Courbevoie, Provence-Alpes-Côte d'Azur, France

73 Voie de Nesle, 6 étage, 89966, Vénissieux, Rhône-Alpes, France

29 Voie de Provence, Apt. 662, 20372, Boulogne-Billancourt, Alsace, France

612 Allée de la Paix, Apt. 748, 40757, Saint-Pierre, Provence-Alpes-Côte d'Azur, France

3 Impasse des Lombards, 0 étage, 64734, Rennes, Midi-Pyrénées, France

2276 Avenue Lepic, 4 étage, 01057, Saint-Étienne, Corse, France

3660 Rue Zadkine, 7 étage, 98981, Avignon, Corse, France

8 Impasse Laffitte, Apt. 056, 77463, Neuilly-sur-Seine, Bourgogne, France

9 Quai de Nesle, Apt. 178, 29009, Clichy, Rhône-Alpes, France

22 Passage de Rivoli, 1 étage, 40591, Perpignan, Basse-Normandie, France

5874 Avenue Charlemagne, Apt. 045, 64608, Le Havre, Bourgogne, France

5195 Rue Saint-Dominique, Apt. 599, 45987, Strasbourg, Franche-Comté, France

6173 Impasse Royale, 1 étage, 73996, Colmar, Languedoc-Roussillon, France

8 Rue Du Sommerard, Apt. 751, 52042, Reims, Alsace, France

650 Voie de la Ferronnerie, Apt. 590, 89533, Roubaix, Basse-Normandie, France

1 Allée Saint-Dominique, 6 étage, 07587, Beauvais, Provence-Alpes-Côte d'Azur, France

068 Passage de Richelieu, 6 étage, 85995, Saint-Étienne, Corse, France

7 Rue de la Ferronnerie, Apt. 657, 85852, Sarcelles, Rhône-Alpes, France

850 Quai Dauphine, Apt. 791, 76640, Nîmes, Limousin, France

3 Voie Saint-Honoré, Apt. 165, 95585, Poitiers, Poitou-Charentes, France

347 Voie de la Harpe, 1 étage, 23446, Noisy-le-Grand, Corse, France

15 Passage de Provence, Apt. 470, 67023, La Seyne-sur-Mer, Poitou-Charentes, France

66 Passage Delesseux, Apt. 302, 73892, Rueil-Malmaison, Rhône-Alpes, France

428 Rue Mouffetard, 5 étage, 38502, Lille, Basse-Normandie, France

9 Rue de Richelieu, 0 étage, 17920, Clichy, Limousin, France

0087 Voie Saint-Honoré, 7 étage, 25114, Saint-Paul, Aquitaine, France

7 Avenue des Grands Augustins, 5 étage, 42594, Cayenne, Haute-Normandie, France

1 Rue des Grands Augustins, 0 étage, 97016, Toulon, Île-de-France, France

1453 Rue du Faubourg-Saint-Denis, Apt. 267, 62880, Quimper, Île-de-France, France

686 Impasse Molière, Apt. 825, 81544, Lille, Champagne-Ardenne, France

6648 Rue de la Paix, Apt. 068, 66657, Dunkerque14, Aquitaine, France

3718 Allée de la Chaussée-d'Antin, Apt. 151, 30320, Saint-Nazaire, Nord-Pas-de-Calais, France

4 Avenue de la Pompe, 5 étage, 54064, Le Mans, Auvergne, France

102 Impasse Pastourelle, Apt. 499, 80069, Clichy, Bourgogne, France

6713 Avenue du Faubourg Saint-Honoré, Apt. 590, 47962, Argenteuil, Corse, France

330 Impasse des Lombards, Apt. 651, 56677, Nantes, Île-de-France, France

2 Boulevard Montorgueil, 7 étage, 88279, Fort-de-France, Languedoc-Roussillon, France

8 Rue d'Abbeville, Apt. 060, 12112, Saint-Nazaire, Franche-Comté, France

186 Quai du Havre, 1 étage, 57139, Avignon, Picardie, France

4 Allée Mouffetard, Apt. 953, 30973, Levallois-Perret, Centre, France

48 Quai d'Abbeville, 6 étage, 52341, La Seyne-sur-Mer, Corse, France

3443 Impasse de la Paix, Apt. 754, 59143, Levallois-Perret, Poitou-Charentes, France

459 Passage Saint-Denis, Apt. 529, 38759, Paris, Provence-Alpes-Côte d'Azur, France

653 Voie des Francs-Bourgeois, 3 étage, 59947, Versailles, Languedoc-Roussillon, France

042 Voie de Seine, Apt. 638, 69021, Colombes, Midi-Pyrénées, France

5274 Place des Grands Augustins, Apt. 902, 83039, Niort, Aquitaine, France

51 Allée de Paris, 1 étage, 51863, Saint-Nazaire, Nord-Pas-de-Calais, France

1317 Avenue d'Argenteuil, Apt. 226, 69211, Montreuil, Haute-Normandie, France

9 Boulevard des Panoramas, Apt. 148, 44622, Nice, Rhône-Alpes, France

15 Avenue Adolphe Mille, 7 étage, 87989, Nice, Nord-Pas-de-Calais, France

672 Impasse d'Orsel, 1 étage, 81499, Antibes, Basse-Normandie, France

689 Voie de la Harpe, Apt. 776, 59534, Antibes, Centre, France

577 Voie du Chat-qui-Pêche, 2 étage, 86445, Le Havre, Haute-Normandie, France

28 Passage Du Sommerard, Apt. 327, 14095, Limoges, Picardie, France

965 Allée Joubert, Apt. 049, 14616, Noisy-le-Grand, Provence-Alpes-Côte d'Azur, France

7458 Impasse de Tilsitt, 8 étage, 42878, Grenoble, Bourgogne, France

7 Allée Saint-Séverin, 1 étage, 76667, Asnières-sur-Seine, Lorraine, France

93 Quai Molière, Apt. 860, 28491, Boulogne-Billancourt, Picardie, France

3043 Place Joubert, 6 étage, 81852, Antibes, Aquitaine, France

32 Voie d'Assas, 5 étage, 00731, Sarcelles, Pays de la Loire, France

17 Place Lepic, Apt. 705, 18391, Perpignan, Centre, France

03 Quai Pierre Charron, Apt. 975, 58366, Saint-Denis, Haute-Normandie, France

4 Impasse de Presbourg, 9 étage, 96592, Saint-Nazaire, Languedoc-Roussillon, France

320 Avenue Saint-Séverin, Apt. 616, 35983, Marseille, Basse-Normandie, France

6561 Voie du Faubourg Saint-Honoré, Apt. 999, 08796, Nîmes, Bourgogne, France

0 Voie d'Argenteuil, Apt. 145, 98969, Tours, Île-de-France, France

3 Allée Saint-Denis, Apt. 157, 27281, Sarcelles, Poitou-Charentes, France

016 Boulevard des Panoramas, Apt. 510, 95218, Antibes, Basse-Normandie, France

9 Passage Pastourelle, 8 étage, 03546, Lyon, Basse-Normandie, France

2854 Avenue du Chat-qui-Pêche, 5 étage, 39867, Lorient, Champagne-Ardenne, France

0 Passage Delesseux, 2 étage, 98124, Boulogne-Billancourt, Pays de la Loire, France

735 Avenue Vaneau, 3 étage, 60565, Vénissieux, Aquitaine, France

0456 Passage Du Sommerard, Apt. 261, 84393, Rueil-Malmaison, Bourgogne, France

4 Voie Saint-Honoré, Apt. 274, 73056, La Rochelle, Auvergne, France

53 Rue de Richelieu, Apt. 944, 42266, Mulhouse, Île-de-France, France

67 Boulevard de la Victoire, 8 étage, 64638, Les Abymes, Lorraine, France

2902 Impasse de la Huchette, 6 étage, 88479, Sarcelles, Centre, France

84 Passage de la Victoire, Apt. 064, 31717, Rouen, Poitou-Charentes, France

8 Place Dauphine, Apt. 732, 78442, Antibes, Poitou-Charentes, France

5375 Place de la Chaussée-d'Antin, 8 étage, 78792, Les Abymes, Auvergne, France

3 Rue de la Chaussée-d'Antin, 2 étage, 67195, Beauvais, Aquitaine, France

6 Allée Adolphe Mille, Apt. 543, 40668, Noisy-le-Grand, Provence-Alpes-Côte d'Azur, France

3346 Quai du Faubourg Saint-Honoré, Apt. 007, 80701, Fort-de-France, Île-de-France, France

68 Passage Saint-Séverin, Apt. 786, 95989, Strasbourg, Lorraine, France

9 Quai de la Victoire, 7 étage, 25623, Montpellier, Haute-Normandie, France

306 Passage de Rivoli, 2 étage, 82503, Beauvais, Lorraine, France

7 Impasse d'Alésia, Apt. 897, 33424, Sarcelles, Alsace, France

6 Allée de l'Abbaye, 5 étage, 81397, Saint-Étienne, Nord-Pas-de-Calais, France

0390 Place Joubert, Apt. 358, 96684, Fort-de-France, Bretagne, France

7583 Passage Marcadet, Apt. 713, 42455, Paris, Poitou-Charentes, France

1 Avenue de Rivoli, Apt. 919, 49847, Pau, Bretagne, France

3 Avenue de Richelieu, 6 étage, 46989, Paris, Poitou-Charentes, France

21 Rue Oberkampf, 5 étage, 16751, Clermont-Ferrand, Alsace, France

6738 Allée de la Pompe, Apt. 035, 82413, Colombes, Corse, France

656 Quai du Faubourg-Saint-Denis, 8 étage, 70691, Nîmes, Picardie, France

2839 Allée de l'Abbaye, 5 étage, 43076, Versailles, Franche-Comté, France

9 Passage Saint-Denis, Apt. 446, 18583, Pessac, Midi-Pyrénées, France

77 Boulevard d'Argenteuil, 4 étage, 77474, Cannes, Bretagne, France

24 Passage de la Harpe, 2 étage, 29995, Saint-Paul, Haute-Normandie, France

7 Avenue de l'Odéon, 1 étage, 92867, Antony, Pays de la Loire, France

587 Rue de Montmorency, 7 étage, 28722, Troyes, Basse-Normandie, France

3 Avenue Molière, Apt. 068, 34367, Cannes, Haute-Normandie, France

38 Allée de Vaugirard, 7 étage, 48716, Mulhouse, Corse, France

025 Passage du Faubourg-Saint-Denis, Apt. 910, 65386, Tourcoing, Limousin, France

012 Impasse de la Paix, Apt. 368, 09899, Champigny-sur-Marne, Languedoc-Roussillon, France

2 Place Adolphe Mille, 0 étage, 95779, Orléans, Aquitaine, France

1151 Place de Solférino, 0 étage, 35409, Perpignan, Provence-Alpes-Côte d'Azur, France

627 Allée Saint-Jacques, 2 étage, 74507, Mulhouse, Haute-Normandie, France

9464 Quai de la Ferronnerie, 9 étage, 02798, Nîmes, Bretagne, France

8 Quai des Saussaies, 9 étage, 12756, Nancy, Languedoc-Roussillon, France

207 Rue des Rosiers, 8 étage, 12334, Nancy, Lorraine, France

192 Voie des Grands Augustins, Apt. 340, 78476, Quimper, Alsace, France

61 Allée du Havre, Apt. 366, 77980, Toulon, Limousin, France

59 Voie Joubert, Apt. 747, 88669, Le Havre, Picardie, France

4 Impasse Adolphe Mille, 0 étage, 63384, Dunkerque14, Alsace, France

133 Voie des Panoramas, 9 étage, 73719, Le Tampon, Franche-Comté, France

2020 Boulevard d'Abbeville, 6 étage, 55370, Champigny-sur-Marne, Picardie, France

960 Boulevard Adolphe Mille, 2 étage, 98535, Poitiers, Aquitaine, France

100 Passage Vaneau, Apt. 008, 81830, Saint-Paul, Limousin, France

2857 Quai Monsieur-le-Prince, Apt. 289, 89560, Nancy, Haute-Normandie, France

1323 Rue Saint-Séverin, Apt. 749, 81604, Aix-en-Provence, Aquitaine, France

796 Boulevard Marcadet, 0 étage, 13745, Argenteuil, Midi-Pyrénées, France

246 Rue de Solférino, 0 étage, 52823, Quimper, Basse-Normandie, France

18 Avenue des Rosiers, 7 étage, 62604, Rouen, Picardie, France

950 Voie du Dahomey, Apt. 581, 10675, Clichy, Provence-Alpes-Côte d'Azur, France

2 Avenue des Saussaies, 0 étage, 94592, Boulogne-Billancourt, Poitou-Charentes, France

3 Boulevard Saint-Honoré, 7 étage, 01039, Drancy, Poitou-Charentes, France

89 Rue d'Argenteuil, 8 étage, 44354, Saint-Denis, Nord-Pas-de-Calais, France

139 Impasse La Boétie, 5 étage, 98777, Villeurbanne, Picardie, France

559 Rue de la Chaussée-d'Antin, Apt. 734, 60891, Bordeaux, Bourgogne, France

7422 Rue des Panoramas, 0 étage, 73123, Strasbourg, Nord-Pas-de-Calais, France

7536 Impasse de Montmorency, 6 étage, 07214, Limoges, Nord-Pas-de-Calais, France

8 Impasse de la Bûcherie, 4 étage, 09836, Avignon, Picardie, France

79 Rue Zadkine, Apt. 455, 58995, Versailles, Nord-Pas-de-Calais, France

214 Boulevard Du Sommerard, Apt. 973, 55006, Ivry-sur-Seine, Poitou-Charentes, France

892 Impasse Saint-Denis, 8 étage, 12782, Clermont-Ferrand, Provence-Alpes-Côte d'Azur, France

6 Avenue Saint-Jacques, Apt. 505, 74322, Cannes, Nord-Pas-de-Calais, France

1 Boulevard d'Alésia, 0 étage, 38596, Perpignan, Franche-Comté, France

944 Allée Adolphe Mille, Apt. 012, 79209, La Rochelle, Pays de la Loire, France

28 Quai de la Harpe, Apt. 619, 82589, Noisy-le-Grand, Alsace, France

45 Place Oberkampf, 6 étage, 66526, Dijon, Nord-Pas-de-Calais, France

09 Impasse du Dahomey, 2 étage, 94605, Aix-en-Provence, Languedoc-Roussillon, France

8033 Voie du Havre, Apt. 217, 31367, Perpignan, Limousin, France

12 Quai du Dahomey, Apt. 380, 82128, Caen, Rhône-Alpes, France

2214 Allée Oberkampf, Apt. 672, 80151, Fort-de-France, Île-de-France, France

9320 Allée de Nesle, Apt. 941, 54410, Montpellier, Provence-Alpes-Côte d'Azur, France

3973 Allée Montorgueil, Apt. 745, 94287, Saint-Nazaire, Midi-Pyrénées, France

38 Passage Oberkampf, Apt. 030, 75328, Perpignan, Limousin, France

8346 Voie La Boétie, 7 étage, 20095, Villeneuve-d'Ascq, Picardie, France

23 Allée de l'Abbaye, 4 étage, 19694, Levallois-Perret, Haute-Normandie, France

4306 Avenue du Chat-qui-Pêche, Apt. 407, 17336, Rennes, Bourgogne, France

5127 Impasse Saint-Jacques, Apt. 377, 24766, Amiens, Midi-Pyrénées, France

44 Place Bonaparte, Apt. 258, 19865, Beauvais, Île-de-France, France

109 Rue de la Pompe, Apt. 986, 01207, Champigny-sur-Marne, Alsace, France

050 Boulevard de Richelieu, 1 étage, 95606, Orléans, Basse-Normandie, France

4 Passage de la Pompe, Apt. 650, 51819, Amiens, Midi-Pyrénées, France

1389 Rue du Bac, Apt. 535, 89986, Dijon, Provence-Alpes-Côte d'Azur, France

101 Place Pierre Charron, 9 étage, 18339, Lorient, Midi-Pyrénées, France

83 Place Joubert, Apt. 469, 54012, Saint-Paul, Corse, France

0 Rue de la Bûcherie, 8 étage, 69033, Saint-Pierre, Nord-Pas-de-Calais, France

3 Voie Mouffetard, 2 étage, 36226, Nantes, Rhône-Alpes, France

81 Place Mouffetard, 4 étage, 41373, Colmar, Picardie, France

449 Place d'Abbeville, Apt. 539, 15381, Drancy, Limousin, France

1 Passage des Rosiers, Apt. 011, 17915, Saint-Denis, Haute-Normandie, France

390 Place Saint-Denis, 8 étage, 26183, Saint-Nazaire, Auvergne, France

3332 Allée d'Orsel, Apt. 191, 35449, Calais, Champagne-Ardenne, France

8887 Place Montorgueil, Apt. 003, 91163, Saint-Pierre, Pays de la Loire, France

082 Impasse de la Chaussée-d'Antin, 8 étage, 84111, Calais, Provence-Alpes-Côte d'Azur, France

6628 Quai de Provence, 8 étage, 37145, Limoges, Haute-Normandie, France

85 Rue Joubert, Apt. 012, 22713, Clichy, Languedoc-Roussillon, France

3822 Quai de Richelieu, Apt. 906, 77971, Pessac, Limousin, France

0728 Passage La Boétie, Apt. 413, 21779, Orléans, Provence-Alpes-Côte d'Azur, France

358 Avenue de Paris, Apt. 455, 77320, Troyes, Centre, France

559 Allée Saint-Jacques, Apt. 099, 95552, Boulogne-Billancourt, Corse, France

740 Voie du Bac, Apt. 705, 34195, Le Mans, Bretagne, France

1851 Boulevard Saint-Denis, 7 étage, 84369, Reims, Corse, France

137 Boulevard de la Chaussée-d'Antin, 1 étage, 99465, Clichy, Aquitaine, France

33 Allée Vaneau, Apt. 088, 46865, Orléans, Lorraine, France

9 Place Monsieur-le-Prince, 8 étage, 45874, Nanterre, Pays de la Loire, France

4451 Allée Monsieur-le-Prince, 3 étage, 51550, Saint-Pierre, Lorraine, France

2 Avenue Lepic, 7 étage, 06323, Aix-en-Provence, Limousin, France

61 Place des Grands Augustins, 1 étage, 73001, Villejuif, Centre, France

84 Voie Du Sommerard, 8 étage, 04831, Avignon, Centre, France

686 Avenue de Nesle, 2 étage, 60711, Montpellier, Midi-Pyrénées, France

6352 Quai Charlemagne, 3 étage, 44744, Créteil, Nord-Pas-de-Calais, France

5855 Quai de la Pompe, 8 étage, 58888, Boulogne-Billancourt, Nord-Pas-de-Calais, France

03 Passage du Faubourg Saint-Honoré, 5 étage, 24211, Aix-en-Provence, Aquitaine, France

00 Allée de Montmorency, 6 étage, 98221, Tourcoing, Corse, France

0 Quai de Richelieu, Apt. 959, 53267, Saint-Denis, Picardie, France

9 Voie Saint-Séverin, 9 étage, 79085, Antibes, Alsace, France

78 Quai d'Argenteuil, 2 étage, 81003, Perpignan, Nord-Pas-de-Calais, France

3672 Passage de la Ferronnerie, 0 étage, 87888, Metz, Île-de-France, France

08 Voie des Lombards, 4 étage, 21033, Ajaccio, Île-de-France, France

42 Impasse du Faubourg-Saint-Denis, 4 étage, 47592, Boulogne-Billancourt, Nord-Pas-de-Calais, France

888 Allée de la Bûcherie, 4 étage, 13209, Sarcelles, Nord-Pas-de-Calais, France

842 Boulevard du Chat-qui-Pêche, 4 étage, 68445, Aubervilliers, Poitou-Charentes, France

2657 Rue de Seine, Apt. 594, 08691, Mulhouse, Languedoc-Roussillon, France

39 Passage Pastourelle, Apt. 884, 91386, Antibes, Aquitaine, France

36 Boulevard du Dahomey, 1 étage, 78046, Pessac, Basse-Normandie, France

870 Boulevard Montorgueil, Apt. 069, 43941, Colombes, Pays de la Loire, France

21 Passage Vaneau, Apt. 642, 49977, Niort, Pays de la Loire, France

805 Rue de Rivoli, Apt. 945, 71034, Clermont-Ferrand, Picardie, France

854 Avenue du Havre, 6 étage, 84821, Tourcoing, Lorraine, France

9552 Passage Lepic, Apt. 999, 52825, Villeneuve-d'Ascq, Champagne-Ardenne, France

6 Rue de la Harpe, Apt. 789, 46229, La Rochelle, Franche-Comté, France

811 Avenue Adolphe Mille, 3 étage, 57018, Ivry-sur-Seine, Île-de-France, France

1 Rue de Richelieu, 4 étage, 18990, Nice, Haute-Normandie, France

56 Voie Lepic, 2 étage, 43920, Orléans, Lorraine, France

2206 Passage Saint-Séverin, 0 étage, 75836, Ivry-sur-Seine, Centre, France

7 Passage d'Abbeville, Apt. 012, 09816, Besançon, Bourgogne, France

1 Rue Saint-Jacques, Apt. 288, 45827, Cayenne, Nord-Pas-de-Calais, France

393 Allée du Chat-qui-Pêche, 9 étage, 01562, Quimper, Poitou-Charentes, France

4510 Avenue Molière, Apt. 765, 89934, Le Tampon, Poitou-Charentes, France

31 Allée d'Orsel, Apt. 946, 04257, Villeneuve-d'Ascq, Alsace, France

95 Avenue de Richelieu, 7 étage, 66808, Mulhouse, Limousin, France

5400 Impasse de la Chaussée-d'Antin, Apt. 672, 31784, Villeneuve-d'Ascq, Aquitaine, France

314 Passage de la Bûcherie, 3 étage, 87088, Paris, Centre, France

64 Voie d'Alésia, Apt. 404, 79532, Courbevoie, Bretagne, France

72 Rue des Grands Augustins, Apt. 050, 20306, Metz, Champagne-Ardenne, France

6 Impasse des Saussaies, Apt. 385, 06215, Vitry-sur-Seine, Corse, France

0 Impasse de Montmorency, Apt. 119, 97722, Aulnay-sous-Bois, Champagne-Ardenne, France

7 Avenue des Francs-Bourgeois, 8 étage, 52255, Valence, Île-de-France, France

96 Avenue Vaneau, 0 étage, 74417, Valence, Basse-Normandie, France

3728 Voie Lepic, 5 étage, 82382, Besançon, Haute-Normandie, France

56 Quai Pastourelle, 6 étage, 16362, Marseille, Languedoc-Roussillon, France

61 Rue Saint-Dominique, Apt. 524, 98634, Villeneuve-d'Ascq, Bourgogne, France

0855 Boulevard Monsieur-le-Prince, Apt. 770, 43969, Metz, Rhône-Alpes, France
